Stage 1,Stage 2,Stage 3,Stage 4,Stage 5,Stage 6,Stage 7,Stage 8,Stage 9,Stage 10
219.5640657076586,214.5250941892453,198.8252116643953,194.90791228740525,207.70499269470446,225.0860147911424,218.47694821455983,213.4557559619016,195.07429748171398,201.18394547401243
