Stage 1,Stage 2,Stage 3,Stage 4,Stage 5,Stage 6,Stage 7,Stage 8,Stage 9,Stage 10
219.89176041194315,215.24913726973296,199.44687147502435,195.38419388818275,209.1942553460672,224.51060041075084,224.67007316478458,201.93222176617874,203.03629549666476,207.64547422734793
