Stage 1,Stage 2,Stage 3,Stage 4,Stage 5
215.4114455,197.8273736,195.2766087,206.7602912,221.6334991
